INSERT INTO "Matrices" ("ID","Matrixname") VALUES (21000,'Beef');
INSERT INTO "Codes_Matrices" ("CodeSystem", "Code", "Basis") VALUES ('Combase','00',21000);
INSERT INTO "Matrices" ("ID","Matrixname") VALUES (21001,'Bread');
INSERT INTO "Codes_Matrices" ("CodeSystem", "Code", "Basis") VALUES ('Combase','01',21001);
INSERT INTO "Matrices" ("ID","Matrixname") VALUES (21002,'Cheese');
INSERT INTO "Codes_Matrices" ("CodeSystem", "Code", "Basis") VALUES ('Combase','02',21002);
INSERT INTO "Matrices" ("ID","Matrixname") VALUES (21003,'Culture medium');
INSERT INTO "Codes_Matrices" ("CodeSystem", "Code", "Basis") VALUES ('Combase','03',21003);
INSERT INTO "Matrices" ("ID","Matrixname") VALUES (21004,'Dessert food');
INSERT INTO "Codes_Matrices" ("CodeSystem", "Code", "Basis") VALUES ('Combase','04',21004);
INSERT INTO "Matrices" ("ID","Matrixname") VALUES (21005,'Egg or egg product');
INSERT INTO "Codes_Matrices" ("CodeSystem", "Code", "Basis") VALUES ('Combase','05',21005);
INSERT INTO "Matrices" ("ID","Matrixname") VALUES (21006,'Infant_food');
INSERT INTO "Codes_Matrices" ("CodeSystem", "Code", "Basis") VALUES ('Combase','06',21006);
INSERT INTO "Matrices" ("ID","Matrixname") VALUES (21007,'Juice, beverage');
INSERT INTO "Codes_Matrices" ("CodeSystem", "Code", "Basis") VALUES ('Combase','07',21007);
INSERT INTO "Matrices" ("ID","Matrixname") VALUES (21008,'Milk');
INSERT INTO "Codes_Matrices" ("CodeSystem", "Code", "Basis") VALUES ('Combase','08',21008);
INSERT INTO "Matrices" ("ID","Matrixname") VALUES (21009,'Other or unknown type of dairy');
INSERT INTO "Codes_Matrices" ("CodeSystem", "Code", "Basis") VALUES ('Combase','09',21009);
INSERT INTO "Matrices" ("ID","Matrixname") VALUES (21010,'Other or unknown type of meat');
INSERT INTO "Codes_Matrices" ("CodeSystem", "Code", "Basis") VALUES ('Combase','10',21010);
INSERT INTO "Matrices" ("ID","Matrixname") VALUES (21011,'Other, mixed, uncategorised or unknown type of food');
INSERT INTO "Codes_Matrices" ("CodeSystem", "Code", "Basis") VALUES ('Combase','11',21011);
INSERT INTO "Matrices" ("ID","Matrixname") VALUES (21012,'Pork');
INSERT INTO "Codes_Matrices" ("CodeSystem", "Code", "Basis") VALUES ('Combase','12',21012);
INSERT INTO "Matrices" ("ID","Matrixname") VALUES (21013,'Poultry');
INSERT INTO "Codes_Matrices" ("CodeSystem", "Code", "Basis") VALUES ('Combase','13',21013);
INSERT INTO "Matrices" ("ID","Matrixname") VALUES (21014,'Sauce/Dressing');
INSERT INTO "Codes_Matrices" ("CodeSystem", "Code", "Basis") VALUES ('Combase','14',21014);
INSERT INTO "Matrices" ("ID","Matrixname") VALUES (21015,'Sausage');
INSERT INTO "Codes_Matrices" ("CodeSystem", "Code", "Basis") VALUES ('Combase','15',21015);
INSERT INTO "Matrices" ("ID","Matrixname") VALUES (21016,'Seafood/Fish');
INSERT INTO "Codes_Matrices" ("CodeSystem", "Code", "Basis") VALUES ('Combase','16',21016);
INSERT INTO "Matrices" ("ID","Matrixname") VALUES (21017,'Vegetable or fruit and their products');
INSERT INTO "Codes_Matrices" ("CodeSystem", "Code", "Basis") VALUES ('Combase','17',21017);
INSERT INTO "Matrices" ("ID","Matrixname") VALUES (21018,'Water');
INSERT INTO "Codes_Matrices" ("CodeSystem", "Code", "Basis") VALUES ('Combase','18',21018);


INSERT INTO "Agenzien" ("ID","Agensname") VALUES (4000,'aerobic total spoilage bacteria on meat');
INSERT INTO "Codes_Agenzien" ("CodeSystem", "Code", "Basis") VALUES ('Combase','00',4000);
INSERT INTO "Agenzien" ("ID","Agensname") VALUES (4001,'Aeromonas caviae');
INSERT INTO "Codes_Agenzien" ("CodeSystem", "Code", "Basis") VALUES ('Combase','01',4001);
INSERT INTO "Agenzien" ("ID","Agensname") VALUES (4002,'Aeromonas hydrophila');
INSERT INTO "Codes_Agenzien" ("CodeSystem", "Code", "Basis") VALUES ('Combase','02',4002);
INSERT INTO "Agenzien" ("ID","Agensname") VALUES (4003,'Aeromonas sobria');
INSERT INTO "Codes_Agenzien" ("CodeSystem", "Code", "Basis") VALUES ('Combase','03',4003);
INSERT INTO "Agenzien" ("ID","Agensname") VALUES (4004,'Bacillus cereus');
INSERT INTO "Codes_Agenzien" ("CodeSystem", "Code", "Basis") VALUES ('Combase','04',4004);
INSERT INTO "Agenzien" ("ID","Agensname") VALUES (4005,'Bacillus licheniformis');
INSERT INTO "Codes_Agenzien" ("CodeSystem", "Code", "Basis") VALUES ('Combase','05',4005);
INSERT INTO "Agenzien" ("ID","Agensname") VALUES (4006,'bacillus spoilage bacteria');
INSERT INTO "Codes_Agenzien" ("CodeSystem", "Code", "Basis") VALUES ('Combase','06',4006);
INSERT INTO "Agenzien" ("ID","Agensname") VALUES (4007,'Bacillus subtilis');
INSERT INTO "Codes_Agenzien" ("CodeSystem", "Code", "Basis") VALUES ('Combase','07',4007);
INSERT INTO "Agenzien" ("ID","Agensname") VALUES (4008,'Brochothrix thermosphacta');
INSERT INTO "Codes_Agenzien" ("CodeSystem", "Code", "Basis") VALUES ('Combase','08',4008);
INSERT INTO "Agenzien" ("ID","Agensname") VALUES (4009,'Campylobacteraceae (C.jejuni and relatives)');
INSERT INTO "Codes_Agenzien" ("CodeSystem", "Code", "Basis") VALUES ('Combase','09',4009);
INSERT INTO "Agenzien" ("ID","Agensname") VALUES (4010,'Clostridium botulinum (non-prot.)');
INSERT INTO "Codes_Agenzien" ("CodeSystem", "Code", "Basis") VALUES ('Combase','10',4010);
INSERT INTO "Agenzien" ("ID","Agensname") VALUES (4011,'Clostridium botulinum (prot.)');
INSERT INTO "Codes_Agenzien" ("CodeSystem", "Code", "Basis") VALUES ('Combase','11',4011);
INSERT INTO "Agenzien" ("ID","Agensname") VALUES (4012,'Clostridium perfringens');
INSERT INTO "Codes_Agenzien" ("CodeSystem", "Code", "Basis") VALUES ('Combase','12',4012);
INSERT INTO "Agenzien" ("ID","Agensname") VALUES (4013,'enterobacteriaceae');
INSERT INTO "Codes_Agenzien" ("CodeSystem", "Code", "Basis") VALUES ('Combase','13',4013);
INSERT INTO "Agenzien" ("ID","Agensname") VALUES (4014,'enterococci');
INSERT INTO "Codes_Agenzien" ("CodeSystem", "Code", "Basis") VALUES ('Combase','14',4014);
INSERT INTO "Agenzien" ("ID","Agensname") VALUES (4015,'Escherichia coli');
INSERT INTO "Codes_Agenzien" ("CodeSystem", "Code", "Basis") VALUES ('Combase','15',4015);
INSERT INTO "Agenzien" ("ID","Agensname") VALUES (4016,'halophilic bacteria (Staphylococcus xylosus and relatives)');
INSERT INTO "Codes_Agenzien" ("CodeSystem", "Code", "Basis") VALUES ('Combase','16',4016);
INSERT INTO "Agenzien" ("ID","Agensname") VALUES (4017,'lactic acid bacteria');
INSERT INTO "Codes_Agenzien" ("CodeSystem", "Code", "Basis") VALUES ('Combase','17',4017);
INSERT INTO "Agenzien" ("ID","Agensname") VALUES (4018,'Listeria monocytogenes/innocua');
INSERT INTO "Codes_Agenzien" ("CodeSystem", "Code", "Basis") VALUES ('Combase','18',4018);
INSERT INTO "Agenzien" ("ID","Agensname") VALUES (4019,'micrococci');
INSERT INTO "Codes_Agenzien" ("CodeSystem", "Code", "Basis") VALUES ('Combase','19',4019);
INSERT INTO "Agenzien" ("ID","Agensname") VALUES (4020,'Paenibacillus odorifer');
INSERT INTO "Codes_Agenzien" ("CodeSystem", "Code", "Basis") VALUES ('Combase','20',4020);
INSERT INTO "Agenzien" ("ID","Agensname") VALUES (4021,'Photobacterium phosphoreum');
INSERT INTO "Codes_Agenzien" ("CodeSystem", "Code", "Basis") VALUES ('Combase','21',4021);
INSERT INTO "Agenzien" ("ID","Agensname") VALUES (4022,'pseudomonads');
INSERT INTO "Codes_Agenzien" ("CodeSystem", "Code", "Basis") VALUES ('Combase','22',4022);
INSERT INTO "Agenzien" ("ID","Agensname") VALUES (4023,'psychrotrophic bacteria');
INSERT INTO "Codes_Agenzien" ("CodeSystem", "Code", "Basis") VALUES ('Combase','23',4023);
INSERT INTO "Agenzien" ("ID","Agensname") VALUES (4024,'salmonella spp');
INSERT INTO "Codes_Agenzien" ("CodeSystem", "Code", "Basis") VALUES ('Combase','24',4024);
INSERT INTO "Agenzien" ("ID","Agensname") VALUES (4025,'Shewanella putrefaciens');
INSERT INTO "Codes_Agenzien" ("CodeSystem", "Code", "Basis") VALUES ('Combase','25',4025);
INSERT INTO "Agenzien" ("ID","Agensname") VALUES (4026,'shigellae (S.flexneri and relatives)');
INSERT INTO "Codes_Agenzien" ("CodeSystem", "Code", "Basis") VALUES ('Combase','26',4026);
INSERT INTO "Agenzien" ("ID","Agensname") VALUES (4027,'spoilage yeast');
INSERT INTO "Codes_Agenzien" ("CodeSystem", "Code", "Basis") VALUES ('Combase','27',4027);
INSERT INTO "Agenzien" ("ID","Agensname") VALUES (4028,'Staphylococcus aureus');
INSERT INTO "Codes_Agenzien" ("CodeSystem", "Code", "Basis") VALUES ('Combase','28',4028);
INSERT INTO "Agenzien" ("ID","Agensname") VALUES (4029,'Total mould');
INSERT INTO "Codes_Agenzien" ("CodeSystem", "Code", "Basis") VALUES ('Combase','29',4029);
INSERT INTO "Agenzien" ("ID","Agensname") VALUES (4030,'vibrio spp.');
INSERT INTO "Codes_Agenzien" ("CodeSystem", "Code", "Basis") VALUES ('Combase','30',4030);
INSERT INTO "Agenzien" ("ID","Agensname") VALUES (4031,'Yersinia enterocolitica');
INSERT INTO "Codes_Agenzien" ("CodeSystem", "Code", "Basis") VALUES ('Combase','31',4031);
